"Model","In_sample_RMSE","Out_of_sample_RMSE"
"Mean",0.00288032270464943,0.00169651850238289
"ARIMA",0.002799256725546,0.00175135435911231
"ARIMAX",0.00266907559888306,0.00178765456479206
"ETS",0.00284625273540671,0.00190675804170582
"Persistence",0.00357063955197051,0.00253365396250048
