country,mae,rmse
Canada,0.0022414775007856373,0.0029387335443460706
United States,0.0018281840504190063,0.002631139854183648
