Country,Model,Training_RMSE,Holdout_RMSE
Canada,Mean,0.002880322704649436,0.0016965185023828898
United States,ARIMAX,0.00277366469967844,9.785521500268258e-4
